1559778568283,2,Random numbers,200,OK,Thread Group 1-1,text,true,149,1,1,2
1559778568290,2,Random numbers,200,OK,Thread Group 1-1,text,true,148,1,1,2
1559778568293,799,Random numbers,200,OK,Thread Group 1-1,text,true,145,40,40,799
1559778568304,790,Random numbers,200,OK,Thread Group 1-2,text,true,145,41,41,790
1559778568386,4309,Random numbers,200,OK,Thread Group 1-6,text,true,150,50,50,4309
1559778568406,4289,Random numbers,200,OK,Thread Group 1-7,text,true,149,50,50,4289
1559778568492,4202,Random numbers,200,OK,Thread Group 1-11,text,true,149,50,50,4202
1559778569093,3601,Random numbers,200,OK,Thread Group 1-1,text,true,145,50,50,3601
1559778568426,4268,Random numbers,200,OK,Thread Group 1-8,text,true,149,50,50,4268
1559778569098,3596,Random numbers,200,OK,Thread Group 1-2,text,true,149,50,50,3596
1559778568324,4370,Random numbers,200,OK,Thread Group 1-3,text,true,149,50,50,4370
1559778568448,4247,Random numbers,200,OK,Thread Group 1-9,text,true,145,50,50,4247
1559778568365,4330,Random numbers,200,OK,Thread Group 1-5,text,true,145,50,50,4330
1559778568344,4351,Random numbers,200,OK,Thread Group 1-4,text,true,149,50,50,4351
1559778568512,6581,Random numbers,200,OK,Thread Group 1-12,text,true,149,50,50,6581
1559778568552,6541,Random numbers,200,OK,Thread Group 1-14,text,true,149,50,50,6541
1559778568572,6521,Random numbers,200,OK,Thread Group 1-15,text,true,149,50,50,6521
1559778568592,6600,Random numbers,200,OK,Thread Group 1-16,text,true,149,50,50,6600
1559778568532,6862,Random numbers,200,OK,Thread Group 1-13,text,true,149,50,50,6862
1559778568672,6722,Random numbers,200,OK,Thread Group 1-20,text,true,145,50,50,6722
1559778568652,6742,Random numbers,200,OK,Thread Group 1-19,text,true,149,50,50,6742
1559778568612,8681,Random numbers,200,OK,Thread Group 1-17,text,true,149,50,50,8681
1559778568692,8601,Random numbers,200,OK,Thread Group 1-21,text,true,149,50,50,8601
1559778568471,11622,Random numbers,200,OK,Thread Group 1-10,text,true,149,50,50,11622
1559778568752,11341,Random numbers,200,OK,Thread Group 1-24,text,true,149,50,50,11341
1559778568732,12061,Random numbers,200,OK,Thread Group 1-23,text,true,149,50,50,12061
1559778568772,12526,Random numbers,200,OK,Thread Group 1-25,text,true,149,50,50,12526
1559778568813,12486,Random numbers,200,OK,Thread Group 1-27,text,true,149,50,50,12486
1559778572696,8603,Random numbers,200,OK,Thread Group 1-1,text,true,149,50,50,8603
1559778568793,12507,Random numbers,200,OK,Thread Group 1-26,text,true,148,50,50,12507
1559778568632,13163,Random numbers,200,OK,Thread Group 1-18,text,true,145,50,50,13163
1559778568712,13083,Random numbers,200,OK,Thread Group 1-22,text,true,145,50,50,13083
1559778572697,10496,Random numbers,200,OK,Thread Group 1-3,text,true,149,50,50,10496
1559778572696,10498,Random numbers,200,OK,Thread Group 1-7,text,true,149,50,50,10498
1559778572698,10496,Random numbers,200,OK,Thread Group 1-5,text,true,149,50,50,10496
1559778572695,10499,Random numbers,200,OK,Thread Group 1-6,text,true,148,50,50,10499
1559778572699,10495,Random numbers,200,OK,Thread Group 1-4,text,true,149,50,50,10495
1559778572697,14298,Random numbers,200,OK,Thread Group 1-8,text,true,149,50,50,14298
1559778575094,11901,Random numbers,200,OK,Thread Group 1-14,text,true,149,50,50,11901
1559778575395,11601,Random numbers,200,OK,Thread Group 1-20,text,true,149,50,50,11601
1559778575094,11902,Random numbers,200,OK,Thread Group 1-12,text,true,149,50,50,11902
1559778572697,14299,Random numbers,200,OK,Thread Group 1-9,text,true,149,50,50,14299
1559778575194,11802,Random numbers,200,OK,Thread Group 1-16,text,true,149,50,50,11802
1559778575395,11601,Random numbers,200,OK,Thread Group 1-13,text,true,149,50,50,11601
1559778572696,14299,Random numbers,200,OK,Thread Group 1-11,text,true,145,50,50,14299
1559778572697,14298,Random numbers,200,OK,Thread Group 1-2,text,true,145,50,50,14298
1559778568833,18163,Random numbers,200,OK,Thread Group 1-28,text,true,149,50,50,18163
1559778575395,11600,Random numbers,200,OK,Thread Group 1-19,text,true,149,50,50,11600
1559778568953,18339,Random numbers,200,OK,Thread Group 1-34,text,true,149,50,50,18339
1559778568873,18419,Random numbers,200,OK,Thread Group 1-30,text,true,149,50,50,18419
1559778568893,18400,Random numbers,200,OK,Thread Group 1-31,text,true,149,50,50,18400
1559778568913,18380,Random numbers,200,OK,Thread Group 1-32,text,true,149,50,50,18380
1559778568853,18440,Random numbers,200,OK,Thread Group 1-29,text,true,149,50,50,18440
1559778568933,18360,Random numbers,200,OK,Thread Group 1-33,text,true,145,50,50,18360
1559778568973,18320,Random numbers,200,OK,Thread Group 1-35,text,true,148,50,50,18320
1559778569094,18200,Random numbers,200,OK,Thread Group 1-41,text,true,145,50,50,18200
1559778569053,18241,Random numbers,200,OK,Thread Group 1-39,text,true,149,50,50,18241
1559778568993,18301,Random numbers,200,OK,Thread Group 1-36,text,true,149,50,50,18301
1559778569013,18281,Random numbers,200,OK,Thread Group 1-37,text,true,149,50,50,18281
1559778569074,18220,Random numbers,200,OK,Thread Group 1-40,text,true,145,50,50,18220
1559778569134,21858,Random numbers,200,OK,Thread Group 1-43,text,true,149,50,50,21858
1559778569114,21879,Random numbers,200,OK,Thread Group 1-42,text,true,144,50,50,21879
1559778569174,22119,Random numbers,200,OK,Thread Group 1-45,text,true,149,50,50,22119
1559778569154,22139,Random numbers,200,OK,Thread Group 1-44,text,true,145,50,50,22139
1559778569034,22260,Random numbers,200,OK,Thread Group 1-38,text,true,145,50,50,22260
1559778569214,22082,Random numbers,200,OK,Thread Group 1-47,text,true,145,50,50,22082
1559778575095,19798,Random numbers,200,OK,Thread Group 1-15,text,true,144,50,50,19798
1559778569235,29157,Random numbers,200,OK,Thread Group 1-48,text,true,149,50,50,29157
1559778580095,18699,Random numbers,200,OK,Thread Group 1-10,text,true,149,50,50,18699
1559778577295,21499,Random numbers,200,OK,Thread Group 1-17,text,true,149,50,50,21499
1559778569255,29539,Random numbers,200,OK,Thread Group 1-49,text,true,149,50,50,29539
1559778580794,18000,Random numbers,200,OK,Thread Group 1-23,text,true,145,50,50,18000
1559778569275,29519,Random numbers,200,OK,Thread Group 1-50,text,true,149,50,50,29519
1559778581301,24591,Random numbers,200,OK,Thread Group 1-1,text,true,149,50,50,24591
1559778583195,23799,Random numbers,200,OK,Thread Group 1-3,text,true,149,50,50,23799
1559778583196,23798,Random numbers,200,OK,Thread Group 1-6,text,true,145,50,50,23798
1559778583196,23800,Random numbers,200,OK,Thread Group 1-5,text,true,145,50,50,23800
1559778581300,25696,Random numbers,200,OK,Thread Group 1-25,text,true,145,50,50,25696
1559778580095,26901,Random numbers,200,OK,Thread Group 1-24,text,true,145,50,50,26901
1559778581797,25199,Random numbers,200,OK,Thread Group 1-22,text,true,149,50,50,25199
1559778581796,25200,Random numbers,200,OK,Thread Group 1-18,text,true,149,50,50,25200
1559778569194,37802,Random numbers,200,OK,Thread Group 1-46,text,true,145,50,50,37802
1559778577295,29703,Random numbers,200,OK,Thread Group 1-21,text,true,149,50,50,29703
1559778581300,25699,Random numbers,200,OK,Thread Group 1-27,text,true,149,50,50,25699
1559778583195,24499,Random numbers,200,OK,Thread Group 1-7,text,true,149,50,50,24499
1559778581302,27392,Random numbers,200,OK,Thread Group 1-26,text,true,149,50,50,27392
1559778587001,21894,Random numbers,200,OK,Thread Group 1-2,text,true,149,50,50,21894
1559778587000,21895,Random numbers,200,OK,Thread Group 1-9,text,true,145,50,50,21895
1559778587001,21894,Random numbers,200,OK,Thread Group 1-11,text,true,149,50,50,21894
1559778587000,21895,Random numbers,200,OK,Thread Group 1-13,text,true,149,50,50,21895
1559778583196,25699,Random numbers,200,OK,Thread Group 1-4,text,true,145,50,50,25699
1559778586998,21897,Random numbers,200,OK,Thread Group 1-8,text,true,149,50,50,21897
1559778586999,24195,Random numbers,200,OK,Thread Group 1-12,text,true,149,50,50,24195
1559778586998,24196,Random numbers,200,OK,Thread Group 1-14,text,true,149,50,50,24196
1559778587001,24892,Random numbers,200,OK,Thread Group 1-19,text,true,149,50,50,24892
1559778587297,24596,Random numbers,200,OK,Thread Group 1-30,text,true,149,50,50,24596
1559778586999,24894,Random numbers,200,OK,Thread Group 1-20,text,true,149,50,50,24894
1559778587296,24597,Random numbers,200,OK,Thread Group 1-31,text,true,145,50,50,24597
1559778587296,24597,Random numbers,200,OK,Thread Group 1-32,text,true,148,50,50,24597
1559778587297,24596,Random numbers,200,OK,Thread Group 1-29,text,true,149,50,50,24596
1559778587298,24595,Random numbers,200,OK,Thread Group 1-35,text,true,149,50,50,24595
1559778587296,24597,Random numbers,200,OK,Thread Group 1-34,text,true,149,50,50,24597
1559778587001,24892,Random numbers,200,OK,Thread Group 1-16,text,true,149,50,50,24892
1559778587300,24594,Random numbers,200,OK,Thread Group 1-36,text,true,149,50,50,24594
1559778587301,24593,Random numbers,200,OK,Thread Group 1-40,text,true,149,50,50,24593
1559778587300,24594,Random numbers,200,OK,Thread Group 1-37,text,true,149,50,50,24594
1559778587001,24895,Random numbers,200,OK,Thread Group 1-28,text,true,149,50,50,24895
1559778587297,26298,Random numbers,200,OK,Thread Group 1-33,text,true,149,50,50,26298
1559778591297,22600,Random numbers,200,OK,Thread Group 1-38,text,true,145,50,50,22600
1559778587299,26695,Random numbers,200,OK,Thread Group 1-41,text,true,149,50,50,26695
1559778587300,26694,Random numbers,200,OK,Thread Group 1-39,text,true,149,50,50,26694
1559778590995,22999,Random numbers,200,OK,Thread Group 1-43,text,true,149,50,50,22999
1559778591296,22698,Random numbers,200,OK,Thread Group 1-44,text,true,149,50,50,22698
1559778591298,22696,Random numbers,200,OK,Thread Group 1-47,text,true,149,50,50,22696
1559778598393,16802,Random numbers,200,OK,Thread Group 1-48,text,true,149,50,50,16802
1559778591295,23901,Random numbers,200,OK,Thread Group 1-45,text,true,149,50,50,23901
1559778594894,20301,Random numbers,200,OK,Thread Group 1-15,text,true,149,50,50,20301
1559778590996,24200,Random numbers,200,OK,Thread Group 1-42,text,true,149,50,50,24200
1559778598795,16400,Random numbers,200,OK,Thread Group 1-10,text,true,149,50,50,16400
1559778598795,21701,Random numbers,200,OK,Thread Group 1-17,text,true,145,50,50,21701
1559778606995,13501,Random numbers,200,OK,Thread Group 1-3,text,true,149,50,50,13501
1559778607000,14096,Random numbers,Non HTTP response code: java.net.SocketException,Non HTTP response message: Socket closed,Thread Group 1-21,text,false,2718,50,50,0
1559778611895,9201,Random numbers,Non HTTP response code: java.net.SocketException,Non HTTP response message: Socket closed,Thread Group 1-34,text,false,2718,50,50,0
1559778615196,5900,Random numbers,Non HTTP response code: java.net.SocketException,Non HTTP response message: Socket closed,Thread Group 1-48,text,false,2718,50,50,0
1559778606996,14100,Random numbers,Non HTTP response code: java.net.SocketException,Non HTTP response message: Socket closed,Thread Group 1-5,text,false,2718,50,50,0
1559778613595,7501,Random numbers,Non HTTP response code: java.net.SocketException,Non HTTP response message: Socket closed,Thread Group 1-33,text,false,2718,50,50,0
1559778615198,5899,Random numbers,Non HTTP response code: java.net.SocketException,Non HTTP response message: Socket closed,Thread Group 1-42,text,false,2718,50,50,0
1559778598797,22300,Random numbers,Non HTTP response code: java.net.SocketException,Non HTTP response message: Socket closed,Thread Group 1-23,text,false,2718,50,50,0
1559778608695,12402,Random numbers,Non HTTP response code: java.net.SocketException,Non HTTP response message: Socket closed,Thread Group 1-26,text,false,2718,50,50,0
1559778620497,600,Random numbers,Non HTTP response code: java.net.SocketException,Non HTTP response message: Socket closed,Thread Group 1-17,text,false,2718,50,50,0
1559778611895,9202,Random numbers,Non HTTP response code: java.net.SocketException,Non HTTP response message: Socket closed,Thread Group 1-36,text,false,2718,50,50,0
1559778611894,9204,Random numbers,Non HTTP response code: java.net.SocketException,Non HTTP response message: Socket closed,Thread Group 1-16,text,false,2718,50,50,0
1559778611895,9203,Random numbers,Non HTTP response code: java.net.SocketException,Non HTTP response message: Socket closed,Thread Group 1-31,text,false,2718,50,50,0
1559778611894,9204,Random numbers,Non HTTP response code: java.net.SocketException,Non HTTP response message: Socket closed,Thread Group 1-35,text,false,2718,50,50,0
1559778606995,14103,Random numbers,Non HTTP response code: java.net.SocketException,Non HTTP response message: Socket closed,Thread Group 1-6,text,false,2718,50,50,0
1559778611893,9206,Random numbers,Non HTTP response code: java.net.SocketException,Non HTTP response message: Socket closed,Thread Group 1-30,text,false,2718,50,50,0
1559778620498,600,Random numbers,Non HTTP response code: java.net.SocketException,Non HTTP response message: Socket closed,Thread Group 1-3,text,false,2718,50,50,0
1559778615198,5901,Random numbers,Non HTTP response code: java.net.SocketException,Non HTTP response message: Socket closed,Thread Group 1-10,text,false,2718,50,50,0
1559778611895,9204,Random numbers,Non HTTP response code: java.net.SocketException,Non HTTP response message: Socket closed,Thread Group 1-29,text,false,2718,50,50,0
1559778608895,12205,Random numbers,Non HTTP response code: java.net.SocketException,Non HTTP response message: Socket closed,Thread Group 1-2,text,false,2718,50,50,0
1559778613897,7203,Random numbers,Non HTTP response code: java.net.SocketException,Non HTTP response message: Socket closed,Thread Group 1-38,text,false,2718,50,50,0
1559778615197,5903,Random numbers,Non HTTP response code: java.net.SocketException,Non HTTP response message: Socket closed,Thread Group 1-45,text,false,2718,50,50,0
1559778608896,12204,Random numbers,Non HTTP response code: java.net.SocketException,Non HTTP response message: Socket closed,Thread Group 1-13,text,false,2718,50,50,0
1559778611895,9205,Random numbers,Non HTTP response code: java.net.SocketException,Non HTTP response message: Socket closed,Thread Group 1-37,text,false,2718,50,50,0
1559778608897,12203,Random numbers,Non HTTP response code: java.net.SocketException,Non HTTP response message: Socket closed,Thread Group 1-4,text,false,2718,50,50,0
1559778613994,7106,Random numbers,Non HTTP response code: java.net.SocketException,Non HTTP response message: Socket closed,Thread Group 1-41,text,false,2718,50,50,0
1559778611893,9208,Random numbers,Non HTTP response code: java.net.SocketException,Non HTTP response message: Socket closed,Thread Group 1-20,text,false,2718,50,50,0
1559778598797,22303,Random numbers,Non HTTP response code: java.net.SocketException,Non HTTP response message: Socket closed,Thread Group 1-50,text,false,2718,50,50,0
1559778606998,14103,Random numbers,Non HTTP response code: java.net.SocketException,Non HTTP response message: Socket closed,Thread Group 1-24,text,false,2718,50,50,0
1559778608896,12205,Random numbers,Non HTTP response code: java.net.SocketException,Non HTTP response message: Socket closed,Thread Group 1-9,text,false,2718,50,50,0
1559778598795,22306,Random numbers,Non HTTP response code: java.net.SocketException,Non HTTP response message: Socket closed,Thread Group 1-49,text,false,2718,50,50,0
1559778611194,9907,Random numbers,Non HTTP response code: java.net.SocketException,Non HTTP response message: Socket closed,Thread Group 1-12,text,false,2718,50,50,0
1559778611895,9206,Random numbers,Non HTTP response code: java.net.SocketException,Non HTTP response message: Socket closed,Thread Group 1-40,text,false,2718,50,50,0
1559778613995,7106,Random numbers,Non HTTP response code: java.net.SocketException,Non HTTP response message: Socket closed,Thread Group 1-44,text,false,2718,50,50,0
1559778611893,9208,Random numbers,Non HTTP response code: java.net.SocketException,Non HTTP response message: Socket closed,Thread Group 1-19,text,false,2718,50,50,0
1559778611896,9205,Random numbers,Non HTTP response code: java.net.SocketException,Non HTTP response message: Socket closed,Thread Group 1-28,text,false,2718,50,50,0
1559778606998,14103,Random numbers,Non HTTP response code: java.net.SocketException,Non HTTP response message: Socket closed,Thread Group 1-22,text,false,2718,50,50,0
1559778608896,12205,Random numbers,Non HTTP response code: java.net.SocketException,Non HTTP response message: Socket closed,Thread Group 1-11,text,false,2718,50,50,0
1559778611194,9907,Random numbers,Non HTTP response code: java.net.SocketException,Non HTTP response message: Socket closed,Thread Group 1-14,text,false,2718,50,50,0
1559778605893,15212,Random numbers,Non HTTP response code: java.net.SocketException,Non HTTP response message: Socket closed,Thread Group 1-1,text,false,2718,50,50,0
1559778606998,14107,Random numbers,Non HTTP response code: java.net.SocketException,Non HTTP response message: Socket closed,Thread Group 1-18,text,false,2718,50,50,0
1559778607694,13411,Random numbers,Non HTTP response code: java.net.SocketException,Non HTTP response message: Socket closed,Thread Group 1-7,text,false,2718,50,50,0
1559778615197,5908,Random numbers,Non HTTP response code: java.net.SocketException,Non HTTP response message: Socket closed,Thread Group 1-15,text,false,2718,50,50,0
1559778613995,7110,Random numbers,Non HTTP response code: java.net.SocketException,Non HTTP response message: Socket closed,Thread Group 1-47,text,false,2718,50,50,0
1559778607000,14105,Random numbers,Non HTTP response code: java.net.SocketException,Non HTTP response message: Socket closed,Thread Group 1-27,text,false,2718,50,50,0
1559778606999,14107,Random numbers,Non HTTP response code: java.net.SocketException,Non HTTP response message: Socket closed,Thread Group 1-46,text,false,2718,50,50,0
1559778606997,14108,Random numbers,Non HTTP response code: java.net.SocketException,Non HTTP response message: Socket closed,Thread Group 1-25,text,false,2718,50,50,0
1559778613995,7110,Random numbers,Non HTTP response code: java.net.SocketException,Non HTTP response message: Socket closed,Thread Group 1-43,text,false,2718,50,50,0
1559778611894,9212,Random numbers,Non HTTP response code: java.net.SocketException,Non HTTP response message: Socket closed,Thread Group 1-32,text,false,2718,50,50,0
1559778608897,12209,Random numbers,Non HTTP response code: java.net.SocketException,Non HTTP response message: Socket closed,Thread Group 1-8,text,false,2718,50,50,0
1559778613995,7110,Random numbers,Non HTTP response code: java.net.SocketException,Non HTTP response message: Socket closed,Thread Group 1-39,text,false,2718,50,50,0
